Accessory Category,Current Market Gap,Nothing-Inspired Solution,Market Opportunity Size
Transparent & Honest Design,Most cases hide phone design; no transparency philosophy,"Transparent cases showing Glyph lights, honest material choices",High - $2.5B transparent case market
Modular & Community-Driven,Limited modular options; no community involvement in design,"Screw-in accessories, community co-creation projects",Medium - $500M modular accessory potential
Anti-Addiction & Wellness,Accessories encourage more screen time instead of reducing it,"Accessories that reduce phone dependency, promote digital wellness",Emerging - $100M digital wellness accessories
Sustainable & Eco-Conscious,Many accessories use unsustainable materials,"Recycled transparent materials, sustainable packaging",High - $1.8B sustainable accessories market
Nostalgic Future Tech,Modern tech lacks emotional connection and nostalgia,Retro-futuristic designs with dot-matrix aesthetics,Medium - $300M retro-tech accessories
Interactive & Playful,Static accessories with no interactive elements,"LED-integrated accessories, interactive elements",Emerging - $200M interactive accessories
Privacy & Security,Privacy concerns not addressed in accessory design,"Faraday cage cases, privacy-first design philosophy",Medium - $400M privacy accessories
Accessibility & Inclusive,Limited options for users with disabilities,"Universal design principles, tactile feedback systems",Underserved - $150M accessibility market
Creative & Artistic,Generic designs with no personal expression,"Community-designed custom cases, artistic collaboration",High - $1.2B custom design market
Smart & Connected,Accessories lack smart connectivity and ecosystem integration,"Glyph-compatible accessories, seamless ecosystem integration",High - $3.1B smart accessories ecosystem
