Product Name,Core Nothing Principle,Unique Innovation,Target Market Size
Glyph-Compatible Wireless Charger,Transparency + Glyph Integration,Charger surface lights up to mirror phone Glyph patterns,$800M - Wireless charging enthusiasts
Transparent Modular Power Bank,Modularity + Honest Design,"Visible battery cells, screw-on capacity modules",$1.2B - Power bank market + modularity premium
Digital Wellness Phone Stand,Anti-Screen Time Philosophy,"Timed phone access, promotes breaks from screen",$50M - Digital wellness early adopters
Community-Designed Eco Case,Community Co-Creation + Sustainability,"Users vote on designs, made from recycled Nothing materials",$600M - Eco-conscious + Nothing community
Dot-Matrix Car Mount,Nostalgic Future Design,"LED display shows navigation, speed info in dot matrix",$300M - Car accessory + tech integration
Interactive Gaming Controller Grip,Playful Interaction + Gaming,Transparent grips with haptic feedback for mobile gaming,$450M - Mobile gaming accessories
Privacy Shield Magnetic Wallet,Transparency + Privacy Balance,Clear wallet that shields RFID while showing contents,$200M - Privacy-conscious users
Tactile Accessibility Ring Holder,Inclusive Design + Accessibility,"Textured surfaces, audio feedback for visually impaired",$100M - Accessibility market underserved
Transparent Artist Collaboration Case,Community + Artistic Expression,Limited edition cases designed by community artists,$400M - Art + tech collaboration market
Smart Ecosystem Desk Dock,Ecosystem Integration + Minimalism,Transparent dock that displays phone Glyph patterns,$900M - Professional desk setup market
Anti-Addiction Screen Filter,Digital Wellness + Honest Technology,Blue light filter that gradually tints based on usage time,$150M - Digital wellness accessories
Modular Camera Lens System,Modularity + Professional Tools,Screw-on lenses with visible mechanical elements,$350M - Mobile photography enthusiasts
Nostalgic Cassette Bluetooth Speaker,Nostalgic Design + Modern Function,"Clear speaker showing components, retro cassette aesthetic",$250M - Retro tech + audio market
Transparent Cable Management Hub,Transparency + Organization,Transparent hub organizing cables with LED status indicators,$180M - Cable management solutions
Community Edition Phone Lanyard,Community + Personal Expression,Community-voted designs with transparent sustainability info,$120M - Personal expression accessories
