Gadget Concept,Retro Inspiration,Never-Before Functionality
AI Personal Assistant Robot in 1960s Jetsons Aesthetic,"Jetsons cartoon, Rosie robot","Locally-trained AI, voice/mood detection, family scheduler"
Modular Cassette Cloud Storage Hub,"Cassette tapes, 1980s boom boxes","Ejectable SSD cassettes, hybrid physical/cloud encryption"
Vacuum Tube-Driven Smart Speaker,Vacuum tube radios and amps,"Bluetooth, WiFi, Alexa/Google integration, vacuum tube sound"
Transparent Polycarbonate E-Ink Typewriter,"Classic word processors, IBM Selectric","E-ink paper, wireless sync, distraction-free writing"
HoloGramophone – AR Hologram Music Player,"Victrola, gramophones, audio futurism","3D audio/visual holograms, streaming API, voice search"
RetroVideophone with Emotional Avatars,"Bell picturephones, rotary dials","Video call with smart avatars, emotion-sensing, rotary ID selection"
Ticker Tape Crypto News Printer,"Stock ticker tape machines, news wires","Internet news alerts, blockchain ticker tape, physical receipts"
Mechanical Flip-Clocks with IoT Functions,1970s/80s flip clocks,"Programmable calendar, Bluetooth, weather, notifications"
Smart Pager Wristband,1990s pagers/beepers,"One-button messaging, panic alerts, location sharing"
Desktop Radar Weather Orb,Soviet/Rand McNally desktop globes,"Real-time radar visualization, color/weather indicators, smart alerts"
