Gadget Name,Key Vintage Element,Modern Innovation
Retro-Future Wrist Tech,"Pixelated display, rugged 80s digital watch style","Smartwatch OS, fitness and connectivity"
Transparent Sony Walkman Concept,"Transparent housing, Walkman cassette design","Bluetooth audio, USB-C charging"
RetroWave 7-in-1 Radio,"Analog radio dials, wood finish, modular electronics","FM/AM/Bluetooth/aux, rechargeable battery"
TamagoniHAI Camcorder,"Tamagotchi egg shape, hidden digital camera","Digital camcorder, local storage, Wi-Fi"
Moondrop Ultrasonic Earbuds,"See-through housing, 1980s sci-fi aesthetic",Hybrid dual driver audio tech
Nixoid Nixie Tube Watch,"Nixie vacuum tubes, steampunk/USSR heritage","Accelerometer activation, step counter"
Bluetooth Typewriter Keyboard,"Typewriter key form factor, mechanical feedback","Bluetooth pairing, programmable macros"
Lightsaber Chopsticks,"Plastic lightsaber handles, pop-culture homage","LED lights, dishwasher safe"
Transparent Game Boy Console,"Clear shell, exposed internals, tactile buttons","Emulator, backlit display, wireless charging"
Mechanical Bluetooth Calculator,"LED segmented display, chunky keypad, 1970s design","Bluetooth connection, programmable display"
